Name,X,Y,Z,qW,qX,qY,qZ
Start,9.815,-9.806,4.293,1.0,0.0,0.0,0.0
Area1,11.15,-9.7,4.8,0.54703,-0.246324,-0.172478,-0.781239
Area,10.9,-7.8,5.1,0.257834,-0.084186,0.022558,0.96225
Point 864,11.1,-7.2,4.9,0.707107,0.0,0.0,0.707107
